{"output-dir":"resources\/unpacked\/compiled\/background","closure-defines":{"figwheel.repl.connect_url":"ws:\/\/localhost:9500\/figwheel-connect?fwprocess=8fb196&fwbuild=background"},"optimizations":"none","aot-cache":false,"preloads":["devtools.preload","figwheel.core","figwheel.main","figwheel.repl.preload"],"output-to":"resources\/unpacked\/compiled\/background\/main.js","asset-path":"compiled\/background","repl-requires":[["figwheel.repl","refer-macros",["conns","focus"]],["figwheel.main","refer-macros",["stop-builds","start-builds","build-once","reset","clean","status"]],["cljs.pprint","refer",["pprint"],"refer-macros",["pp"]],["cljs.repl","refer-macros",["source","doc","find-doc","apropos","dir","pst"]]],"source-map":true,"main":"chromex_sample.background"}